id,categoria,nombre,estado,archivo_url,fotos
29,Autos,BMW M4 - Carroceria,nueva/apagada,,0
30,Autos,BMW M4 G82 escala 1-10 (RC),nueva/apagada,,0
31,Autos,BMW M4 GT3 EVO DTM,nueva/apagada,/files/Car_kits_BMW+M4+GT3+Evo+(V2-removed+spoiler)_563d7ae9.3mf,0
32,Cajas y Organizadores,Bote de Basura,nueva/apagada,/files/trashcan_6970744e.3mf,0
33,Cajas y Organizadores,Bote para Marcadores,nueva/apagada,/files/马克笔+80+色阶梯_768e5ec2.3mf,0
34,Cajas y Organizadores,Caja de Pilas,nueva/apagada,/files/Battery+Storage+Box_3aff26dc.3mf,0
35,Cajas y Organizadores,Caja de Pilas (118 piezas),nueva/apagada,/files/Battery_Box_modell_39e31dad.3mf,0
36,Cajas y Organizadores,Caja de Pilas AA-AAA-9V,nueva/apagada,/files/BoxLoc+-+BatteryBox_S+-+All+The+Things+-+v2_feb11149.3mf,0
37,Cajas y Organizadores,Cajonera Organizadora Apilable,nueva/apagada,/files/drawer+3+v3_e010f4f6.3mf,0
38,Cajas y Organizadores,Cajones Apilables Modulares,nueva/apagada,/files/STACKING_a1755f8a.3mf,0
39,Cajas y Organizadores,Estuche 48 Marcadores Acrilicos,nueva/apagada,/files/Suporte+de+Canetas+Acrílicas+48_365ddadc.3mf,0
40,Cajas y Organizadores,Organizador de Cables con Tornillo,nueva/apagada,/files/clamp_8c8445b6.3mf,0
41,Cajas y Organizadores,Organizador de Escritorio Stealth,nueva/apagada,/files/Tool+Box_83b7bd47.3mf,0
42,Cajas y Organizadores,Portamarcadores Apilable,nueva/apagada,/files/笔架_656374db.3mf,0
43,Cajas y Organizadores,Portamarcadores Horizontal 60 Colores,nueva/apagada,/files/马克笔桶2025022701_88b1d693.3mf,0
44,Cajas y Organizadores,Portamarcadores Universal (24-80 colores),nueva/apagada,/files/马克笔筒8x6_3fe7d03e.3mf,0
45,Cajas y Organizadores,Portaplumas 48 Colores,nueva/apagada,/files/Stifthalter+Farben_42515b0a.3mf,0
46,Cajas y Organizadores,Vaso Portaplumas Skadis (IKEA),nueva/apagada,/files/Skadis+Stiftebecher_7fa5df5e.3mf,0
47,Cosplay,Casco Benjamin Carmine (Gears of War),nueva/apagada,/files/Benjamin_Carmine_helmet_5мм_1c06a247.stl,0
48,Cosplay,Espada Maestra - Zelda BotW,nueva/apagada,/files/Espada_069f0d0e.3mf,0
49,Cosplay,Karambit CS-GO,nueva/apagada,/files/karambitv2_04602d66.3mf,0
50,Cosplay,Mascara Scorpion - Mortal Kombat,nueva/apagada,/files/sc-mkx_bf_-_Copy_aa6e1d86.3mf,0
51,Ender 3 V3,Clip para Filamento,nueva/apagada,/files/Perfect+clip+v4+final+update_4_53318bc4.3mf,0
52,Ender 3 V3,Guia de Filamento PETG,nueva/apagada,/files/PETG+V3+filament+guide_7b537769.3mf,0
53,Ender 3 V3,Guia de Filamento Superior (Ender 3 SE),nueva/apagada,/files/Ender+3+v3+SE+angled+filament+guide+centre+bl_a845d375.3mf,0
54,Fundas,Funda de Espada Maestra - Zelda BotW,nueva/apagada,/files/Funda_9822c56f.3mf,0
55,Fundas,Funda Samsung S23 Ultra - Body y Camara,nueva/apagada,/files/Samsung_S23_ultra_-_Body_-_V4.0_24554d4f.3mf,0
56,Fundas,Funda Samsung S23 Ultra - Cerrada,vendida/apagada,/files/FUNDA_S23ULTRA__D1_CERRADA_FINAL_e65d0bf1.3mf,4
57,Fundas,Funda Samsung S23 Ultra - TPU,nueva/apagada,/files/galaxys23ultra_tpu_(1)_9b6a848e.stl,0
58,Fundas,Funda Samsung S24 Ultra,nueva/apagada,/files/Coque+S24+Ultra_8bf1376c.3mf,0
59,Logos,Llavero Volkswagen,nueva/apagada,/files/Volkswagen_e6ee8c66.3mf,0
60,Logos,Llaveros Banderas Mundial 2026,vendida/apagada,/files/PORTA_MONEDAS_MEXICO_2026_119d5817.3mf,3
61,Logos,Logo ChutAlert,nueva/apagada,/files/Meshy_AI_ChutAlert_Logo_1788237179_generate_21591403.3mf,0
62,Logos,Stencil JA Saira,nueva/apagada,/files/JA_stencil_saira_final_83a75ebc.stl,0
63,Macetas,Dino Portaanillos - Mini Maceta,nueva/apagada,/files/Ringholder_neck_bs_4361d4b5.3mf,0
64,Macetas,Maceta Bonsai Snorlax Gigamax,nueva/apagada,/files/snorlax+bonsai+spot1_b8b40c63.3mf,0
65,Macetas,Maceta Dinosaurio,nueva/apagada,/files/Dinosaur+plant+pot_4c54ad4b.3mf,0
66,Macetas,Maceta Dragon Dormido 25cm,nueva/apagada,/files/Dragon+Planter_1a8e72e3.3mf,0
67,Macetas,Maceta Plantosaurus (Dino con drenaje),nueva/apagada,/files/Dino+Drainage+Tail_152cc382.3mf,0
68,Macetas,Tutores para Plantas 350mm,nueva/apagada,/files/Pflanzenstab_eckig_350mm_5mm_e70baae3.3mf,0
69,Personajes,Angel Rezando,nueva/apagada,/files/angelo+preghiera_8d743a28.3mf,0
70,Personajes,Crayolin,vendida/apagada,/files/crayolin_cd06730b.3mf,3
71,Personajes,Jesus en la Cruz - Llavero,nueva/apagada,/files/Jesus+Cross+3mf_f89ea05f.3mf,0
72,Personajes,Michael Jackson - Bailando,nueva/apagada,/files/obj_1_MJ_dancer__4fd560ec.stl,0
73,Personajes,Michael Jackson - Figura,nueva/apagada,/files/micheal+Jackson+definitivo_-_Copy_33e54f45.3mf,0
74,Personajes,Michael Jackson - Logo 3D,nueva/apagada,/files/mj_8761800f.3mf,0
75,Personajes,Michael Jackson - Smooth Criminal,nueva/apagada,/files/Michael+Jackson+Figüre_(2)_16e29e3d.3mf,0
76,Personajes,spiderman,nueva/apagada,/files/spiderman+multipart_acd5d40f.3mf,0
77,Personales,Casco Anthony Carmine,vendida/apagada,/files/Casco_f1f07570.3mf,3
78,Personales,Funda Samsung S25 FE (J&A),nueva/apagada,/files/s25_fe_J&A_0826786b.stl,0
79,Personales,Meshy AI - Sunny Scruff,nueva/apagada,/files/Meshy_AI_Sunny_Scruff_1785387437_texture_-_Copy_f4e59707.3mf,0
80,Personales,Organizador Milwaukee Packout M18,vendida/apagada,/files/PETG_-_milwaukee_m2650-22_aba55cdd.3mf,3
81,Personales,Pieza de Mantenimiento,nueva/apagada,/files/mantenimiento_07233af1.3mf,0
82,Personales,Tanga Hombre (encargo),nueva/apagada,/files/original_v2_repair_cc5dcd56.3mf,0
83,Personales,Ventilador Extractor,nueva/apagada,/files/Radial+Impeller_1fae0a8b.3mf,0
84,Soportes,Clip Negro (VENDIDO - falta archivo),vendida/apagada,,3
85,Soportes,Gancho Doble para Bano,nueva/apagada,/files/The_Bathroom_Hook_Double_Sided_bfbe1ccc.3mf,0
86,Soportes,Ganchos Negros (VENDIDO - falta archivo),vendida/apagada,,2
87,Soportes,Gatito - Porta Celular,nueva/apagada,/files/sand+kitten_3dfc8a3f.3mf,0
88,Soportes,Guia de Filamento Derecha (Ender 3 SE),nueva/apagada,/files/right+hand+angled+filament+guide+bambo_26a47174.3mf,0
89,Soportes,Jabonera Colgante,nueva/apagada,/files/Hanging+Soap+Dish_b14b5445.3mf,0
90,Soportes,Labrador - Porta Celular,nueva/apagada,/files/angled+dog_single+color_d2cd7891.3mf,0
91,Soportes,Organizador Marcadores Acrilicos 6x8,nueva/apagada,/files/6x8_a04e950c.3mf,0
92,Soportes,Porta Juegos Nintendo Switch 2,nueva/apagada,/files/Switch+2+Game+Case+Holder_5020ce17.3mf,0
93,Soportes,Portamarcadores 1mm,nueva/apagada,/files/Marker_Box_1mm_a9c5cee3.3mf,0
94,Soportes,Portamarcadores 64,nueva/apagada,/files/64+marker+holder+3mf_02130d7c.3mf,0
95,Soportes,Repisa Marcadores Acrilicos 8x6,nueva/apagada,/files/MarkerShelfLite_8x6_9eb15a41.3mf,0
96,Soportes,Set de Tornillos y Tuercas M6,nueva/apagada,/files/M6_0d273e0c.3mf,0
97,Soportes,Soporte (sin identificar),nueva/apagada,/files/Soporte_c10a6409.3mf,0
98,Soportes,Soporte Celular Bici-Scooter,nueva/apagada,/files/Big+phone+holder+PLA+PETG+TPU_e013809a.3mf,0
99,Soportes,Soporte Celular Michael Jackson,nueva/apagada,/files/mICHAEL+jACKSON+pHONE+STAND(Thin+Base)+with+HEe+hee_b7adba19.3mf,0
100,Soportes,Soporte Celular para Bici (22mm),nueva/apagada,/files/PhoneMount_Ø22_a0a32046.3mf,0
101,Soportes,Soporte de Audifonos Moderno,nueva/apagada,/files/Headphone+Stand+01_8bfd72f5.3mf,0
102,Soportes,Soporte de Pared Echo Pop,nueva/apagada,/files/Echo+Pop+Wall+Bracket_969d5b27.3mf,0
103,Soportes,Soporte de Pared Google Home Mini,nueva/apagada,/files/speaker_0ba5fd92.3mf,0
104,Soportes,Soporte de Pared Google Nest Mini 2,nueva/apagada,/files/GoogleNestMini2WallBracketHolderMount_e5b2ef05.3mf,0
105,Soportes,Soporte GoPro Lente Central,nueva/apagada,/files/gopro_offset_v7_474cb25e.3mf,0
106,Soportes,Sujetador de Paginas de Libro,nueva/apagada,/files/BookPageHolderV3_22mm_b58dea05.3mf,0
107,Soportes,Tornillo M6 70mm con Tuerca,nueva/apagada,/files/m6_70mm_f35e45b5.3mf,0
108,Pokemon / Figuras,Charmander Articulado - Llavero,nueva/apagada,/files/4色打印_938f2236.3mf,0
109,Pokemon / Figuras,Eevee,vendida/apagada,/files/EEVEE_MULTIPART_13a8929f.3mf,6
110,Pokemon / Figuras,Gardevoir,vendida/apagada,/files/沙奈朵拆_5e0e1a85.3mf,5
111,Pokemon / Figuras,Gible - Gabite - Garchomp,vendida/apagada,/files/Gible+Multipart_8877a3f3.3mf,8
112,Pokemon / Figuras,Glaceon Chibi,vendida/apagada,/files/glaceon+multiparrt_af68da03.3mf,3
113,Pokemon / Figuras,Jolteon Chibi,vendida/apagada,/files/JOLTEON_17d63758.3mf,10
114,Pokemon / Figuras,Kyogre,nueva/apagada,/files/382盖欧卡mw_beff0aeb.3mf,0
115,Pokemon / Figuras,Latios (sin AMS),nueva/apagada,/files/381拉帝欧斯+100%通用配置+11.23修改_1c45fa3f.3mf,0
116,Pokemon / Figuras,Latios y Latias Flexi,nueva/apagada,/files/Latios+flexi_b272d239.3mf,0
117,Pokemon / Figuras,Lugia 308mm con Base,nueva/apagada,/files/Lugia+v2_da7ba44a.3mf,0
118,Pokemon / Figuras,Mewtwo 32cm por Piezas,nueva/apagada,,0
119,Pokemon / Figuras,Mewtwo con Base,vendida/apagada,/files/Mewtwo+with+base_1e7f73c2.3mf,3
120,Pokemon / Figuras,Mewtwo por Piezas (sin AMS),nueva/apagada,/files/超梦MEWTWO_f139fe81.3mf,0
121,Pokemon / Figuras,Rayquaza Flexi,vendida/apagada,,2
122,Pokemon / Figuras,Rayquaza Legendario,nueva/apagada,/files/rayquaza_mypokeprints+-+19_e57691f1.3mf,0
123,Pokemon / Figuras,Sylveon Chibi,nueva/apagada,/files/version+cabeza+mas+grande_38f8d537.3mf,0
124,Pokemon / Figuras,Umbreon,vendida/apagada,/files/umbreon+p1s_fa86e011.3mf,3
125,Pokemon / Figuras,Vulpix de Alola,nueva/apagada,/files/No+AMS_435374bd.3mf,0
126,Pokemon / Llaveros,Charmander Bebe - Llavero,nueva/apagada,/files/Charmander_4_Colors_90720284.3mf,0
127,Pokemon / Llaveros,Craneo de Cubone - Llavero,nueva/apagada,/files/Cubone+Keychain_74e25296.3mf,0
128,Pokemon / Llaveros,Eevee Flexi Acostado - Llavero,nueva/apagada,/files/eevee+Keychain_65eacad3.3mf,0
129,Pokemon / Llaveros,Gengar Mini - Llavero,nueva/apagada,/files/Gengar+mini_(1)_48e71f28.3mf,0
130,Pokemon / Llaveros,Llavero Silueta Charizard (VENDIDO - falta archivo),vendida/apagada,,2
131,Pokemon / Llaveros,Llaveros Equipos Pokemon Go,nueva/apagada,/files/smaller+size_bb3cbf39.3mf,0
132,Pokemon / Llaveros,Luxury Ball - Llavero,nueva/apagada,/files/LuxuryBall_Signis_2602_5b2f8032.3mf,0
133,Pokemon / Llaveros,Master Ball - Llavero,nueva/apagada,/files/KeyChain_Masterball_Signis_2601_240c3541.3mf,0
134,Pokemon / Llaveros,Mew Flexi - Llavero,nueva/apagada,/files/Mew+flexy+def_4e8e413f.3mf,0
135,Pokemon / Llaveros,Pikachu Minimalista - Llavero,nueva/apagada,/files/ImageToStl.com_Llavero+pikachu_1cbd6d5f.3mf,0
136,Pokemon / Llaveros,Pokeball - Llavero,nueva/apagada,/files/pokeball+keychain+v2_2144f6b0.3mf,0
137,Pokemon / Llaveros,Pokeball Clicker - Llavero,nueva/apagada,/files/Mewtwo+keychain_(3)_f7ff2b82.3mf,0
138,Pokemon / Llaveros,Pokeball Loop - Llavero,vendida/apagada,/files/Pokeball_loop+keychain+v3_(descarga_02-09-2026)_d0e0a1a5.3mf,2
139,Pokemon / Llaveros,Psyduck - Llavero,nueva/apagada,/files/cute+mini+Psyduck+keychain_1dea9ae4.3mf,0
140,Pokemon / Llaveros,Quick Ball - Llavero,nueva/apagada,/files/Schlüsselanhänger_Flottenball_A1mini_7d9fbed8.3mf,0
141,Pokemon / Llaveros,Superball - Llavero,nueva/apagada,/files/Schlüsselanhänger_Superball_Signis_2608_V3_29c87203.3mf,0
142,Pokemon / Llaveros,Ultra Ball - Llavero,nueva/apagada,/files/Keychain_Hyperball_NoAMS_ObjByObj_Signis_a904bdcf.3mf,0
143,Pokemon / Llaveros,Vaporeon - Llavero,nueva/apagada,/files/Vaporeon+Keychain_3fa4ced9.3mf,0
144,Pokemon / Macetas,maceta charmander,nueva/apagada,/files/maceta+charmander_dc98795e.3mf,0
145,Pokemon / Macetas,Maceta Nido de Moltres,nueva/apagada,/files/Moltres_Flame_Nest_Planter_stl_9634ffee.3mf,0
146,Pokemon / Macetas,Maceta Oddish (Mystherbe),vendida/apagada,/files/Mystherbe_06837a0b.3mf,4
147,Pokemon / Macetas,Maceta Oddish (ojos felices),nueva/apagada,/files/Oddish+Planter_503b153b.3mf,0
148,Pokemon / Macetas,Maceta Oddish (version 4),nueva/apagada,/files/Gengar+4_17e8b862.3mf,0
149,Pokemon / Macetas,Maceta Squirtle,nueva/apagada,/files/SquirtlePlanter_3MF_855e8fbf.3mf,0
150,Pokemon / Pokeballs,Insignias Equipos Pokemon Go,nueva/apagada,/files/Pokemon+Go+Badges_77d3a598.3mf,0
151,Pokemon / Pokeballs,Pokeball Clasica (VENDIDO - falta archivo),vendida/apagada,,5
152,Pokemon / Pokeballs,Pokeball de Mewtwo,nueva/apagada,/files/Mewtwo+Pokeball+V2_a07ac519.3mf,0
153,Pokemon / Pokeballs,Pokeball de Umbreon,nueva/apagada,/files/Umbreon+Pokeball+V2_a33585aa.3mf,0
154,Pokemon / Pokeballs,Pokeball Organizador de Escritorio,nueva/apagada,/files/pen+pot+insert_201108ef.3mf,0
155,Pokemon / Pokeballs,Pokeball Portalapices,nueva/apagada,/files/Poke+Ball+Pencil+Holder+Seperated_27f82ac1.3mf,0
156,Pokemon / Accesorios,Arcade Nintendo Switch Pokemon,nueva/apagada,/files/SwitchArcadePokemon_8f5ec0c0.3mf,0
157,Pokemon / Accesorios,Bulbasaur - Soporte de Audifonos,nueva/apagada,/files/Bulbasaur_Body_b6cc01d0.3mf,0
158,Pokemon / Accesorios,Caja Porta Cartas con Pokeball,nueva/apagada,/files/Porta+carte+Pokemon+pokeball_89c99316.3mf,0
159,Pokemon / Accesorios,Caja Rugged para Cartas Pokemon,nueva/apagada,/files/Pokebox+a1+mini_851c1300.3mf,0
160,Pokemon / Accesorios,Centro Pokemon - Dock Switch,vendida/apagada,/files/rocky+ridges+center_632f9b38.3mf,3
161,Pokemon / Accesorios,Charizard - Porta Mando,vendida/apagada,/files/Charizardmultiparte_2a5577f2.3mf,6
162,Pokemon / Accesorios,Charizard - Porta Mando (Glurak),nueva/apagada,/files/meins_0852d3a7.3mf,0
163,Pokemon / Accesorios,Chikorita - Porta Mando,vendida/apagada,/files/Chikorita_Holder_4647d65f.3mf,6
164,Pokemon / Accesorios,Combee - Monedero,nueva/apagada,/files/Combee_Purse_swirly_wings_a04e6cd9.3mf,0
165,Pokemon / Accesorios,Deck Box Pokemon,nueva/apagada,/files/PokeDeckBox_fbab863b.3mf,0
166,Pokemon / Accesorios,Deck Box Pokemon - Game Boy,nueva/apagada,/files/Case-GB_ccd360a4.3mf,0
167,Pokemon / Accesorios,Gengar - Portalapices,nueva/apagada,/files/porta+lapis+gengar+colorido+1x_3c525e1c.3mf,0
168,Pokemon / Accesorios,Lapras porta jabon,nueva/apagada,/files/Lap+soap+multi_e282ef45.3mf,0
169,Pokemon / Accesorios,Reshiram - Porta Mando,nueva/apagada,/files/宝可梦莱希拉姆手柄支架_72b81433.3mf,0
